{
  "version": "1.0",
  "meta": {
    "company": "ACME S.p.A.",
    "currency": "EUR",
    "periodicity": "annual"
  },
  "records": [
    {
      "scenario": "Sim_00001",
      "date": "2025-12-31",
      "kpi": "revenue",
      "value": 1234567.89
    },
    {
      "scenario": "Sim_00001",
      "date": "2025-12-31",
      "kpi": "ebitda",
      "value": 234567.0
    },
    {
      "scenario": "Sim_00001",
      "date": "2026-12-31",
      "kpi": "revenue",
      "value": 1312345.0
    },
    {
      "scenario": "Sim_00002",
      "date": "2025-12-31",
      "kpi": "net_income",
      "value": 95000.0
    }
  ]
}